{"initial_reset_timestamp": 1652967861.3364756, "timestamps": [1652967863.4235475], "episode_lengths": [1027], "episode_rewards": [-21.0], "episode_types": ["t"]}