{"initial_reset_timestamp": 1652972849.0270758, "timestamps": [1652972851.3948035], "episode_lengths": [1088], "episode_rewards": [-21.0], "episode_types": ["t"]}