{"initial_reset_timestamp": 1652976790.9858851, "timestamps": [1652976793.1035953], "episode_lengths": [1113], "episode_rewards": [-20.0], "episode_types": ["t"]}