{"initial_reset_timestamp": 1652978033.851395, "timestamps": [1652978035.3750796], "episode_lengths": [1020], "episode_rewards": [-21.0], "episode_types": ["t"]}