{"initial_reset_timestamp": 1652971243.2000082, "timestamps": [1652971246.1371624], "episode_lengths": [1221], "episode_rewards": [-20.0], "episode_types": ["t"]}