{"initial_reset_timestamp": 1652975540.7445447, "timestamps": [1652975542.9500394], "episode_lengths": [1114], "episode_rewards": [-21.0], "episode_types": ["t"]}