{"initial_reset_timestamp": 1652974290.5457366, "timestamps": [1652974292.8367648], "episode_lengths": [1084], "episode_rewards": [-21.0], "episode_types": ["t"]}