{"initial_reset_timestamp": 1652966256.334823, "timestamps": [1652966259.0575972], "episode_lengths": [1024], "episode_rewards": [-21.0], "episode_types": ["t"]}