{"initial_reset_timestamp": 1652969564.8413494, "timestamps": [1652969567.2563326], "episode_lengths": [1084], "episode_rewards": [-21.0], "episode_types": ["t"]}